,sequence,partition,mutation_sequence,num_mutations,num_edits,viral_selection,is_viable
9655,DEEEIRPTNPVATEQYGSVSTNLQRGNR,single,______P_____________________,1,1,0.4607799460589999,True
11448,DEEEIRTTNDVATEQYGSVSTNLQRGNR,single,_________D__________________,1,1,-5.27059991839,False
11698,DEEEIRTTNMVATEQYGSVSTNLQRGNR,single,_________M__________________,1,1,-2.036901,False
21241,DEEEIRTTNPVATEQYGSQSTNLQRGNR,single,__________________Q_________,1,1,0.761727,True
23617,DEEEIRTTNPVATEQYGSVSSNLQRGNR,single,____________________S_______,1,1,2.5430524180200003,True
26304,DEEEIRTTNPVATEQYGSVSTNLNRGNR,single,_______________________N____,1,1,1.69060026544,True
26621,DEEEIRTTNPVATEQYGSVSTNLQKGNR,single,________________________K___,1,1,3.84452058379,True
26879,DEEEIRTTNPVATEQYGSVSTNLQRFNR,single,_________________________F__,1,1,0.928833,True
27296,DEEEIRTTNPVATEQYGSVSTNLQRpGNR,single,_________________________p___,1,1,3.1140476047400005,True
28097,DEEEIRTTNPVATEQYGSVSTNLQkRGNR,single,________________________k____,1,1,-3.2714824294,False
28670,DEEEIRTTNPVATEQYGSVSTNRQRGNR,single,______________________R_____,1,1,-2.07998505818,False
30090,DEEEIRTTNPVATEQYGSVSTvNLQRGNR,single,_____________________v_______,1,1,0.874726,True
30140,DEEEIRTTNPVATEQYGSVSVNLQRGNR,single,____________________V_______,1,1,1.404735,True
31319,DEEEIRTTNPVATEQYGSVSpTNLQRGNR,single,____________________p________,1,1,-0.599028350402,True
31521,DEEEIRTTNPVATEQYGSVSyTNLQRGNR,single,____________________y________,1,1,-0.077834,True
32381,DEEEIRTTNPVATEQYGSVkSTNLQRGNR,single,___________________k_________,1,1,-1.257735,True
32426,DEEEIRTTNPVATEQYGSVpSTNLQRGNR,single,___________________p_________,1,1,0.784555,True
33008,DEEEIRTTNPVATEQYGSpVSTNLQRGNR,single,__________________p__________,1,1,-2.30127,False
33212,DEEEIRTTNPVATEQYGTVSTNLQRGNR,single,_________________T__________,1,1,2.1537843477400003,True
34573,DEEEIRTTNPVATEQYyGSVSTNLQRGNR,single,________________y____________,1,1,-0.425656,True
35498,DEEEIRTTNPVATElQYGSVSTNLQRGNR,single,______________l______________,1,1,-2.2085,False
35543,DEEEIRTTNPVATEqQYGSVSTNLQRGNR,single,______________q______________,1,1,-3.57016020025,False
36071,DEEEIRTTNPVATVQYGSVSTNLQRGNR,single,_____________V______________,1,1,1.29561979195,True
36164,DEEEIRTTNPVATvEQYGSVSTNLQRGNR,single,_____________v_______________,1,1,-2.439486,False
39180,DEEEIRTkTNPVATEQYGSVSTNLQRGNR,single,_______k_____________________,1,1,-3.735225,False
39263,DEEEIRVTNPVATEQYGSVSTNLQRGNR,single,______V_____________________,1,1,0.3757769999999999,True
59746,MEEEIRTTNPVATEQYGSVSTNLQRGNR,single,M___________________________,1,1,-0.38540492974,True
